"attributes","Id","IsDeleted","CreatedDate","CreatedById","LastModifiedDate","LastModifiedById","SystemModstamp","NumberComponentsDeployed","NumberComponentErrors","NumberComponentsTotal","NumberTestsCompleted","NumberTestErrors","NumberTestsTotal","CheckOnly","IgnoreWarnings","RollbackOnError","Type","StartDate","CompletedDate","CanceledById","RunTestsEnabled","ChangeSetName","ErrorStatusCode","Status","StateDetail","ErrorMessage","AllowMissingFiles","AutoUpdatePackage","PurgeOnDelete","SinglePackage","TestLevel"
"{""type"":""DeployRequest"",""url"":""/services/data/v55.0/tooling/sobjects/DeployRequest/0Af3h00000QZQtICAX""}","0Af3h00000QZQtICAX",false,"2022-07-12T20:52:55.000+0000","0053h000002xQ5sAAE","2022-07-12T20:54:36.000+0000","0053h000002xQ5sAAE","2022-07-12T20:54:36.000+0000",1,0,1,25,5,75,false,false,true,"Api","2022-07-12T20:52:56.000+0000","2022-07-12T20:54:36.000+0000","0053h000002xQ5sAAE",true,,,"Canceled",,,false,false,false,true,"RunLocalTests"
"{""type"":""DeployRequest"",""url"":""/services/data/v55.0/tooling/sobjects/DeployRequest/0Af3h00000QZQtSCAX""}","0Af3h00000QZQtSCAX",false,"2022-07-12T20:54:38.000+0000","0053h000002xQ5sAAE","2022-07-12T20:54:41.000+0000","0053h000002xQ5sAAE","2022-07-12T20:54:41.000+0000",1,0,1,0,0,0,false,false,true,"Api","2022-07-12T20:54:38.000+0000","2022-07-12T20:54:41.000+0000",,false,,,"Succeeded",,,false,false,false,true,"NoTestRun"
"{""type"":""DeployRequest"",""url"":""/services/data/v55.0/tooling/sobjects/DeployRequest/0Af3h00000QZnmZCAT""}","0Af3h00000QZnmZCAT",false,"2022-07-19T20:37:49.000+0000","0053h000002xQ5sAAE","2022-07-19T20:38:05.000+0000","0053h000002xQ5sAAE","2022-07-19T20:38:05.000+0000",105,0,105,0,0,0,true,false,true,"Api","2022-07-19T20:37:50.000+0000","2022-07-19T20:38:05.000+0000",,false,,,"Succeeded",,,false,false,false,true,
"{""type"":""DeployRequest"",""url"":""/services/data/v55.0/tooling/sobjects/DeployRequest/0Af3h00000QZoCcCAL""}","0Af3h00000QZoCcCAL",false,"2022-07-19T21:08:03.000+0000","0053h000002xQ5sAAE","2022-07-19T21:08:17.000+0000","0053h000002xQ5sAAE","2022-07-19T21:08:17.000+0000",105,0,105,0,0,0,true,false,true,"Api","2022-07-19T21:08:04.000+0000","2022-07-19T21:08:17.000+0000",,false,,,"Succeeded",,,false,false,false,true,
"{""type"":""DeployRequest"",""url"":""/services/data/v55.0/tooling/sobjects/DeployRequest/0Af3h00000QZoETCA1""}","0Af3h00000QZoETCA1",false,"2022-07-19T21:20:59.000+0000","0053h000002xQ5sAAE","2022-07-19T21:23:15.000+0000","0053h000002xQ5sAAE","2022-07-19T21:23:15.000+0000",105,0,105,69,6,75,true,false,true,"Api","2022-07-19T21:20:59.000+0000","2022-07-19T21:23:15.000+0000",,true,,,"Failed",,,false,false,false,true,"RunLocalTests"
"{""type"":""DeployRequest"",""url"":""/services/data/v55.0/tooling/sobjects/DeployRequest/0Af3h00000QZoegCAD""}","0Af3h00000QZoegCAD",false,"2022-07-20T01:03:14.000+0000","0053h000002xQ5sAAE","2022-07-20T01:05:08.000+0000","0053h000002xQ5sAAE","2022-07-20T01:05:08.000+0000",105,0,105,69,6,75,true,false,true,"Api","2022-07-20T01:03:14.000+0000","2022-07-20T01:05:08.000+0000",,true,,,"Failed",,,false,false,false,true,"RunLocalTests"
"{""type"":""DeployRequest"",""url"":""/services/data/v55.0/tooling/sobjects/DeployRequest/0Af3h00000QZrHGCA1""}","0Af3h00000QZrHGCA1",false,"2022-07-21T13:22:11.000+0000","0053h000002xQ5sAAE","2022-07-21T13:22:46.000+0000","0053h000002xQ5sAAE","2022-07-21T13:22:46.000+0000",141,1439,1580,0,0,0,true,false,true,"Api","2022-07-21T13:22:18.000+0000","2022-07-21T13:22:46.000+0000",,true,,,"Failed",,,false,false,false,true,"RunLocalTests"
"{""type"":""DeployRequest"",""url"":""/services/data/v55.0/tooling/sobjects/DeployRequest/0Af3h00000QaAITCA3""}","0Af3h00000QaAITCA3",false,"2022-08-06T03:50:34.000+0000","0053h000002xQ5sAAE","2022-08-06T03:50:37.000+0000","0053h000002xQ5sAAE","2022-08-06T03:50:37.000+0000",1,0,1,0,0,0,false,false,true,"Api","2022-08-06T03:50:34.000+0000","2022-08-06T03:50:37.000+0000",,false,,,"Succeeded",,,false,false,false,true,
"{""type"":""DeployRequest"",""url"":""/services/data/v55.0/tooling/sobjects/DeployRequest/0Af3h00000QaAIdCAN""}","0Af3h00000QaAIdCAN",false,"2022-08-06T03:56:26.000+0000","0053h000002xQ5sAAE","2022-08-06T03:56:27.000+0000","0053h000002xQ5sAAE","2022-08-06T03:56:27.000+0000",1,0,1,0,0,0,false,false,true,"Api","2022-08-06T03:56:26.000+0000","2022-08-06T03:56:27.000+0000",,false,,,"Succeeded",,,false,false,false,true,
"{""type"":""DeployRequest"",""url"":""/services/data/v55.0/tooling/sobjects/DeployRequest/0Af3h00000QaAInCAN""}","0Af3h00000QaAInCAN",false,"2022-08-06T03:59:10.000+0000","0053h000002xQ5sAAE","2022-08-06T03:59:13.000+0000","0053h000002xQ5sAAE","2022-08-06T03:59:13.000+0000",1,0,1,0,0,0,false,false,true,"Api","2022-08-06T03:59:10.000+0000","2022-08-06T03:59:13.000+0000",,false,,,"Succeeded",,,false,false,false,true,
"{""type"":""DeployRequest"",""url"":""/services/data/v55.0/tooling/sobjects/DeployRequest/0Af3h00000QaAIxCAN""}","0Af3h00000QaAIxCAN",false,"2022-08-06T04:09:34.000+0000","0053h000002xQ5sAAE","2022-08-06T04:09:37.000+0000","0053h000002xQ5sAAE","2022-08-06T04:09:37.000+0000",1,1,2,0,0,0,false,false,true,"Api","2022-08-06T04:09:34.000+0000","2022-08-06T04:09:37.000+0000",,false,,,"Failed",,,false,false,false,true,
"{""type"":""DeployRequest"",""url"":""/services/data/v55.0/tooling/sobjects/DeployRequest/0Af3h00000QaAJ7CAN""}","0Af3h00000QaAJ7CAN",false,"2022-08-06T04:10:07.000+0000","0053h000002xQ5sAAE","2022-08-06T04:10:11.000+0000","0053h000002xQ5sAAE","2022-08-06T04:10:11.000+0000",1,1,2,0,0,0,false,false,true,"Api","2022-08-06T04:10:07.000+0000","2022-08-06T04:10:11.000+0000",,false,,,"Failed",,,false,false,false,true,
"{""type"":""DeployRequest"",""url"":""/services/data/v55.0/tooling/sobjects/DeployRequest/0Af3h00000QaAJHCA3""}","0Af3h00000QaAJHCA3",false,"2022-08-06T04:11:07.000+0000","0053h000002xQ5sAAE","2022-08-06T04:11:12.000+0000","0053h000002xQ5sAAE","2022-08-06T04:11:12.000+0000",1,0,1,0,0,0,false,false,true,"Api","2022-08-06T04:11:08.000+0000","2022-08-06T04:11:12.000+0000",,false,,,"Succeeded",,,false,false,false,true,
"{""type"":""DeployRequest"",""url"":""/services/data/v55.0/tooling/sobjects/DeployRequest/0Af3h00000QaAJRCA3""}","0Af3h00000QaAJRCA3",false,"2022-08-06T04:13:45.000+0000","0053h000002xQ5sAAE","2022-08-06T04:13:47.000+0000","0053h000002xQ5sAAE","2022-08-06T04:13:47.000+0000",1,0,1,0,0,0,false,false,true,"Api","2022-08-06T04:13:45.000+0000","2022-08-06T04:13:47.000+0000",,false,,,"Succeeded",,,false,false,false,true,
"{""type"":""DeployRequest"",""url"":""/services/data/v55.0/tooling/sobjects/DeployRequest/0Af3h00000QaAJbCAN""}","0Af3h00000QaAJbCAN",false,"2022-08-06T04:15:30.000+0000","0053h000002xQ5sAAE","2022-08-06T04:15:32.000+0000","0053h000002xQ5sAAE","2022-08-06T04:15:32.000+0000",1,1,2,0,0,0,false,false,true,"Api","2022-08-06T04:15:31.000+0000","2022-08-06T04:15:32.000+0000",,false,,,"Failed",,,false,false,false,true,
"{""type"":""DeployRequest"",""url"":""/services/data/v55.0/tooling/sobjects/DeployRequest/0Af3h00000QaAJlCAN""}","0Af3h00000QaAJlCAN",false,"2022-08-06T04:16:30.000+0000","0053h000002xQ5sAAE","2022-08-06T04:16:33.000+0000","0053h000002xQ5sAAE","2022-08-06T04:16:33.000+0000",1,0,1,0,0,0,false,false,true,"Api","2022-08-06T04:16:31.000+0000","2022-08-06T04:16:33.000+0000",,false,,,"Succeeded",,,false,false,false,true,
"{""type"":""DeployRequest"",""url"":""/services/data/v55.0/tooling/sobjects/DeployRequest/0Af3h00000QaAJvCAN""}","0Af3h00000QaAJvCAN",false,"2022-08-06T04:20:06.000+0000","0053h000002xQ5sAAE","2022-08-06T04:20:18.000+0000","0053h000002xQ5sAAE","2022-08-06T04:20:18.000+0000",1,0,1,0,0,0,false,false,true,"Api","2022-08-06T04:20:16.000+0000","2022-08-06T04:20:18.000+0000",,false,,,"Succeeded",,,false,false,false,true,
"{""type"":""DeployRequest"",""url"":""/services/data/v55.0/tooling/sobjects/DeployRequest/0Af3h00000QaAK5CAN""}","0Af3h00000QaAK5CAN",false,"2022-08-06T04:23:56.000+0000","0053h000002xQ5sAAE","2022-08-06T04:23:59.000+0000","0053h000002xQ5sAAE","2022-08-06T04:23:59.000+0000",1,0,1,0,0,0,false,false,true,"Api","2022-08-06T04:23:57.000+0000","2022-08-06T04:23:59.000+0000",,false,,,"Succeeded",,,false,false,false,true,
"{""type"":""DeployRequest"",""url"":""/services/data/v55.0/tooling/sobjects/DeployRequest/0Af3h00000QaAKFCA3""}","0Af3h00000QaAKFCA3",false,"2022-08-06T04:26:42.000+0000","0053h000002xQ5sAAE","2022-08-06T04:26:45.000+0000","0053h000002xQ5sAAE","2022-08-06T04:26:45.000+0000",1,0,1,0,0,0,false,false,true,"Api","2022-08-06T04:26:43.000+0000","2022-08-06T04:26:45.000+0000",,false,,,"Succeeded",,,false,false,false,true,
"{""type"":""DeployRequest"",""url"":""/services/data/v55.0/tooling/sobjects/DeployRequest/0Af3h00000QaAK6CAN""}","0Af3h00000QaAK6CAN",false,"2022-08-06T04:29:19.000+0000","0053h000002xQ5sAAE","2022-08-06T04:29:21.000+0000","0053h000002xQ5sAAE","2022-08-06T04:29:21.000+0000",1,0,1,0,0,0,false,false,true,"Api","2022-08-06T04:29:19.000+0000","2022-08-06T04:29:21.000+0000",,false,,,"Succeeded",,,false,false,false,true,
"{""type"":""DeployRequest"",""url"":""/services/data/v55.0/tooling/sobjects/DeployRequest/0Af3h00000QaAKUCA3""}","0Af3h00000QaAKUCA3",false,"2022-08-06T04:36:01.000+0000","0053h000002xQ5sAAE","2022-08-06T04:36:03.000+0000","0053h000002xQ5sAAE","2022-08-06T04:36:03.000+0000",1,0,1,0,0,0,false,false,true,"Api","2022-08-06T04:36:01.000+0000","2022-08-06T04:36:03.000+0000",,false,,,"Succeeded",,,false,false,false,true,
"{""type"":""DeployRequest"",""url"":""/services/data/v55.0/tooling/sobjects/DeployRequest/0Af3h00000QaAKeCAN""}","0Af3h00000QaAKeCAN",false,"2022-08-06T04:37:10.000+0000","0053h000002xQ5sAAE","2022-08-06T04:37:12.000+0000","0053h000002xQ5sAAE","2022-08-06T04:37:12.000+0000",1,0,1,0,0,0,false,false,true,"Api","2022-08-06T04:37:10.000+0000","2022-08-06T04:37:12.000+0000",,false,,,"Succeeded",,,false,false,false,true,
"{""type"":""DeployRequest"",""url"":""/services/data/v55.0/tooling/sobjects/DeployRequest/0Af3h00000QaAKoCAN""}","0Af3h00000QaAKoCAN",false,"2022-08-06T04:38:25.000+0000","0053h000002xQ5sAAE","2022-08-06T04:38:28.000+0000","0053h000002xQ5sAAE","2022-08-06T04:38:28.000+0000",1,0,1,0,0,0,false,false,true,"Api","2022-08-06T04:38:26.000+0000","2022-08-06T04:38:28.000+0000",,false,,,"Succeeded",,,false,false,false,true,
"{""type"":""DeployRequest"",""url"":""/services/data/v55.0/tooling/sobjects/DeployRequest/0Af3h00000QaAKyCAN""}","0Af3h00000QaAKyCAN",false,"2022-08-06T04:42:56.000+0000","0053h000002xQ5sAAE","2022-08-06T04:43:07.000+0000","0053h000002xQ5sAAE","2022-08-06T04:43:07.000+0000",1,0,1,0,0,0,false,false,true,"Api","2022-08-06T04:43:03.000+0000","2022-08-06T04:43:07.000+0000",,false,,,"Succeeded",,,false,false,false,true,
"{""type"":""DeployRequest"",""url"":""/services/data/v55.0/tooling/sobjects/DeployRequest/0Af3h00000QaAL8CAN""}","0Af3h00000QaAL8CAN",false,"2022-08-06T04:44:40.000+0000","0053h000002xQ5sAAE","2022-08-06T04:44:42.000+0000","0053h000002xQ5sAAE","2022-08-06T04:44:42.000+0000",1,0,1,0,0,0,false,false,true,"Api","2022-08-06T04:44:40.000+0000","2022-08-06T04:44:42.000+0000",,false,,,"Succeeded",,,false,false,false,true,
"{""type"":""DeployRequest"",""url"":""/services/data/v55.0/tooling/sobjects/DeployRequest/0Af3h00000QaALICA3""}","0Af3h00000QaALICA3",false,"2022-08-06T04:46:19.000+0000","0053h000002xQ5sAAE","2022-08-06T04:46:22.000+0000","0053h000002xQ5sAAE","2022-08-06T04:46:22.000+0000",1,0,1,0,0,0,false,false,true,"Api","2022-08-06T04:46:19.000+0000","2022-08-06T04:46:22.000+0000",,false,,,"Succeeded",,,false,false,false,true,
"{""type"":""DeployRequest"",""url"":""/services/data/v55.0/tooling/sobjects/DeployRequest/0Af3h00000QaALSCA3""}","0Af3h00000QaALSCA3",false,"2022-08-06T04:47:46.000+0000","0053h000002xQ5sAAE","2022-08-06T04:47:48.000+0000","0053h000002xQ5sAAE","2022-08-06T04:47:48.000+0000",1,0,1,0,0,0,false,false,true,"Api","2022-08-06T04:47:46.000+0000","2022-08-06T04:47:48.000+0000",,false,,,"Succeeded",,,false,false,false,true,
"{""type"":""DeployRequest"",""url"":""/services/data/v55.0/tooling/sobjects/DeployRequest/0Af3h00000QaALcCAN""}","0Af3h00000QaALcCAN",false,"2022-08-06T04:53:05.000+0000","0053h000002xQ5sAAE","2022-08-06T04:53:07.000+0000","0053h000002xQ5sAAE","2022-08-06T04:53:07.000+0000",1,0,1,0,0,0,false,false,true,"Api","2022-08-06T04:53:06.000+0000","2022-08-06T04:53:07.000+0000",,false,,,"Succeeded",,,false,false,false,true,
"{""type"":""DeployRequest"",""url"":""/services/data/v55.0/tooling/sobjects/DeployRequest/0Af3h00000QaALhCAN""}","0Af3h00000QaALhCAN",false,"2022-08-06T04:55:22.000+0000","0053h000002xQ5sAAE","2022-08-06T04:55:25.000+0000","0053h000002xQ5sAAE","2022-08-06T04:55:25.000+0000",1,0,1,0,0,0,false,false,true,"Api","2022-08-06T04:55:22.000+0000","2022-08-06T04:55:25.000+0000",,false,,,"Succeeded",,,false,false,false,true,
"{""type"":""DeployRequest"",""url"":""/services/data/v55.0/tooling/sobjects/DeployRequest/0Af3h00000QaALrCAN""}","0Af3h00000QaALrCAN",false,"2022-08-06T06:07:16.000+0000","0053h000002xQ5sAAE","2022-08-06T06:07:19.000+0000","0053h000002xQ5sAAE","2022-08-06T06:07:19.000+0000",1,0,1,0,0,0,false,false,true,"Api","2022-08-06T06:07:17.000+0000","2022-08-06T06:07:19.000+0000",,false,,,"Succeeded",,,false,false,false,true,
"{""type"":""DeployRequest"",""url"":""/services/data/v55.0/tooling/sobjects/DeployRequest/0Af3h00000QaAM1CAN""}","0Af3h00000QaAM1CAN",false,"2022-08-06T06:23:50.000+0000","0053h000002xQ5sAAE","2022-08-06T06:23:54.000+0000","0053h000002xQ5sAAE","2022-08-06T06:23:54.000+0000",1,0,1,0,0,0,false,false,true,"Api","2022-08-06T06:23:51.000+0000","2022-08-06T06:23:54.000+0000",,false,,,"Succeeded",,,false,false,false,true,
"{""type"":""DeployRequest"",""url"":""/services/data/v55.0/tooling/sobjects/DeployRequest/0Af3h00000QaAMBCA3""}","0Af3h00000QaAMBCA3",false,"2022-08-06T06:27:58.000+0000","0053h000002xQ5sAAE","2022-08-06T06:28:01.000+0000","0053h000002xQ5sAAE","2022-08-06T06:28:01.000+0000",1,0,1,0,0,0,false,false,true,"Api","2022-08-06T06:27:58.000+0000","2022-08-06T06:28:01.000+0000",,false,,,"Succeeded",,,false,false,false,true,
"{""type"":""DeployRequest"",""url"":""/services/data/v55.0/tooling/sobjects/DeployRequest/0Af3h00000QaAMLCA3""}","0Af3h00000QaAMLCA3",false,"2022-08-06T06:30:32.000+0000","0053h000002xQ5sAAE","2022-08-06T06:30:34.000+0000","0053h000002xQ5sAAE","2022-08-06T06:30:34.000+0000",1,0,1,0,0,0,false,false,true,"Api","2022-08-06T06:30:32.000+0000","2022-08-06T06:30:34.000+0000",,false,,,"Succeeded",,,false,false,false,true,
"{""type"":""DeployRequest"",""url"":""/services/data/v55.0/tooling/sobjects/DeployRequest/0Af3h00000QaAMVCA3""}","0Af3h00000QaAMVCA3",false,"2022-08-06T06:31:51.000+0000","0053h000002xQ5sAAE","2022-08-06T06:31:53.000+0000","0053h000002xQ5sAAE","2022-08-06T06:31:53.000+0000",1,0,1,0,0,0,false,false,true,"Api","2022-08-06T06:31:51.000+0000","2022-08-06T06:31:53.000+0000",,false,,,"Succeeded",,,false,false,false,true,
"{""type"":""DeployRequest"",""url"":""/services/data/v55.0/tooling/sobjects/DeployRequest/0Af3h00000QaAMfCAN""}","0Af3h00000QaAMfCAN",false,"2022-08-06T06:32:38.000+0000","0053h000002xQ5sAAE","2022-08-06T06:32:39.000+0000","0053h000002xQ5sAAE","2022-08-06T06:32:39.000+0000",1,0,1,0,0,0,false,false,true,"Api","2022-08-06T06:32:38.000+0000","2022-08-06T06:32:39.000+0000",,false,,,"Succeeded",,,false,false,false,true,
"{""type"":""DeployRequest"",""url"":""/services/data/v55.0/tooling/sobjects/DeployRequest/0Af3h00000QaAMpCAN""}","0Af3h00000QaAMpCAN",false,"2022-08-06T06:33:19.000+0000","0053h000002xQ5sAAE","2022-08-06T06:33:22.000+0000","0053h000002xQ5sAAE","2022-08-06T06:33:22.000+0000",1,0,1,0,0,0,false,false,true,"Api","2022-08-06T06:33:19.000+0000","2022-08-06T06:33:22.000+0000",,false,,,"Succeeded",,,false,false,false,true,
"{""type"":""DeployRequest"",""url"":""/services/data/v55.0/tooling/sobjects/DeployRequest/0Af3h00000QaAMzCAN""}","0Af3h00000QaAMzCAN",false,"2022-08-06T06:34:07.000+0000","0053h000002xQ5sAAE","2022-08-06T06:34:09.000+0000","0053h000002xQ5sAAE","2022-08-06T06:34:09.000+0000",1,0,1,0,0,0,false,false,true,"Api","2022-08-06T06:34:08.000+0000","2022-08-06T06:34:09.000+0000",,false,,,"Succeeded",,,false,false,false,true,
"{""type"":""DeployRequest"",""url"":""/services/data/v55.0/tooling/sobjects/DeployRequest/0Af3h00000QaAN9CAN""}","0Af3h00000QaAN9CAN",false,"2022-08-06T06:35:07.000+0000","0053h000002xQ5sAAE","2022-08-06T06:35:10.000+0000","0053h000002xQ5sAAE","2022-08-06T06:35:10.000+0000",1,0,1,0,0,0,false,false,true,"Api","2022-08-06T06:35:07.000+0000","2022-08-06T06:35:10.000+0000",,false,,,"Succeeded",,,false,false,false,true,
"{""type"":""DeployRequest"",""url"":""/services/data/v55.0/tooling/sobjects/DeployRequest/0Af3h00000QaANJCA3""}","0Af3h00000QaANJCA3",false,"2022-08-06T07:23:40.000+0000","0053h000002xQ5sAAE","2022-08-06T07:23:43.000+0000","0053h000002xQ5sAAE","2022-08-06T07:23:43.000+0000",1,1,2,0,0,0,false,false,true,"Api","2022-08-06T07:23:40.000+0000","2022-08-06T07:23:43.000+0000",,false,,,"Failed",,,false,false,false,true,
"{""type"":""DeployRequest"",""url"":""/services/data/v55.0/tooling/sobjects/DeployRequest/0Af3h00000QaANTCA3""}","0Af3h00000QaANTCA3",false,"2022-08-06T07:42:32.000+0000","0053h000002xQ5sAAE","2022-08-06T07:42:35.000+0000","0053h000002xQ5sAAE","2022-08-06T07:42:35.000+0000",2,1,3,0,0,0,false,false,true,"Api","2022-08-06T07:42:32.000+0000","2022-08-06T07:42:35.000+0000",,false,,,"Failed",,,false,false,false,true,
"{""type"":""DeployRequest"",""url"":""/services/data/v55.0/tooling/sobjects/DeployRequest/0Af3h00000QaANdCAN""}","0Af3h00000QaANdCAN",false,"2022-08-06T07:43:36.000+0000","0053h000002xQ5sAAE","2022-08-06T07:43:39.000+0000","0053h000002xQ5sAAE","2022-08-06T07:43:39.000+0000",2,1,3,0,0,0,false,false,true,"Api","2022-08-06T07:43:37.000+0000","2022-08-06T07:43:39.000+0000",,false,,,"Failed",,,false,false,false,true,
"{""type"":""DeployRequest"",""url"":""/services/data/v55.0/tooling/sobjects/DeployRequest/0Af3h00000QaANnCAN""}","0Af3h00000QaANnCAN",false,"2022-08-06T07:44:15.000+0000","0053h000002xQ5sAAE","2022-08-06T07:44:18.000+0000","0053h000002xQ5sAAE","2022-08-06T07:44:18.000+0000",2,0,2,0,0,0,false,false,true,"Api","2022-08-06T07:44:15.000+0000","2022-08-06T07:44:18.000+0000",,false,,,"Succeeded",,,false,false,false,true,
"{""type"":""DeployRequest"",""url"":""/services/data/v55.0/tooling/sobjects/DeployRequest/0Af3h00000QaANxCAN""}","0Af3h00000QaANxCAN",false,"2022-08-06T07:45:22.000+0000","0053h000002xQ5sAAE","2022-08-06T07:45:24.000+0000","0053h000002xQ5sAAE","2022-08-06T07:45:24.000+0000",2,0,2,0,0,0,false,false,true,"Api","2022-08-06T07:45:22.000+0000","2022-08-06T07:45:24.000+0000",,false,,,"Succeeded",,,false,false,false,true,
"{""type"":""DeployRequest"",""url"":""/services/data/v55.0/tooling/sobjects/DeployRequest/0Af3h00000QaAO7CAN""}","0Af3h00000QaAO7CAN",false,"2022-08-06T07:54:23.000+0000","0053h000002xQ5sAAE","2022-08-06T07:54:26.000+0000","0053h000002xQ5sAAE","2022-08-06T07:54:26.000+0000",2,0,2,0,0,0,false,false,true,"Api","2022-08-06T07:54:23.000+0000","2022-08-06T07:54:26.000+0000",,false,,,"Succeeded",,,false,false,false,true,
"{""type"":""DeployRequest"",""url"":""/services/data/v55.0/tooling/sobjects/DeployRequest/0Af3h00000QaAOHCA3""}","0Af3h00000QaAOHCA3",false,"2022-08-06T08:04:36.000+0000","0053h000002xQ5sAAE","2022-08-06T08:04:39.000+0000","0053h000002xQ5sAAE","2022-08-06T08:04:39.000+0000",2,0,2,0,0,0,false,false,true,"Api","2022-08-06T08:04:37.000+0000","2022-08-06T08:04:39.000+0000",,false,,,"Succeeded",,,false,false,false,true,
"{""type"":""DeployRequest"",""url"":""/services/data/v55.0/tooling/sobjects/DeployRequest/0Af3h00000QaAORCA3""}","0Af3h00000QaAORCA3",false,"2022-08-06T08:08:17.000+0000","0053h000002xQ5sAAE","2022-08-06T08:08:19.000+0000","0053h000002xQ5sAAE","2022-08-06T08:08:19.000+0000",2,0,2,0,0,0,false,false,true,"Api","2022-08-06T08:08:18.000+0000","2022-08-06T08:08:19.000+0000",,false,,,"Succeeded",,,false,false,false,true,
